,Team,Elo
0,"Hawlucha_Substitute + Swords Dance, Murkrow_Life Orb, Raikou_Assault Vest, Manectric-Mega_Special Attacker, Victini_Choice Band, Kyurem-Black_Choice Scarf",1615.00014969258
1,"Hawlucha_Substitute + Swords Dance, Murkrow_Life Orb, Porygon-Z_Choice Specs, Umbreon_Cleric / Wish Pass, Victini_Choice Band, Manectric-Mega_Special Attacker",1393.0041436916829
2,"Hawlucha_Substitute + Swords Dance, Murkrow_Life Orb, Manaphy_Tail Glow + 3 Attacks, Kyurem_SubRoost, Moltres_Life Orb Attacker, Thundurus-Therian_Agility",1221.106869745161
3,"Hawlucha_Substitute + Swords Dance, Murkrow_Life Orb, Rhydon_Tank, Raikou_Calm Mind, Zapdos_Physically Defensive, Thundurus_Nasty Plot",1231.3349532013958
4,"Hawlucha_Substitute + Swords Dance, Murkrow_Life Orb, Aerodactyl-Mega_Offensive, Garchomp_Offensive Stealth Rock, Articuno_Burd (Offensive), Swellow_Guts Attacker",1207.9721921099524
5,"Hawlucha_Substitute + Swords Dance, Murkrow_Life Orb, Garchomp_Mixed Attacker, Conkeldurr_Choice Band, Noivern_Taunt + Roost, Venusaur-Mega_Defensive",1127.8883980837886
6,"Hawlucha_Substitute + Swords Dance, Murkrow_Life Orb, Charizard-Mega-X_Bulky Will-O-Wisp, Muk_Choice Band, Infernape_Choice Band, Haxorus_Choice Band",1458.2090330271717
7,"Hawlucha_Substitute + Swords Dance, Murkrow_Life Orb, Kyurem_Life Orb Attacker, Politoed_Tank, Gible_Bulky Offensive, Manectric-Mega_Special Attacker",1185.279111725295
8,"Hawlucha_Substitute + Swords Dance, Murkrow_Life Orb, Gastrodon_Physically Defensive, Samurott_Special Attacker, Gothitelle_Trapper, Kyurem_SubRoost",1093.693608295859
9,"Hawlucha_Substitute + Swords Dance, Murkrow_Life Orb, Seismitoad_Rain Sweeper, Pidgeot-Mega_Stallbreaker, Altaria_Physically Defensive, Kyurem_Life Orb Attacker",1076.8263771788634
10,"Hawlucha_Substitute + Swords Dance, Murkrow_Life Orb, Blastoise_Defensive Spinner, Stoutland_Sand Rush, Noivern_Taunt + Roost, Growlithe_Physically Defensive",1045.2045599920543
11,"Hawlucha_Substitute + Swords Dance, Murkrow_Life Orb, Cranidos_Support, Celebi_Nasty Plot, Zebstrika_All-out Attacker, Infernape_Nasty Plot",958.1691539599864
12,"Hawlucha_Substitute + Swords Dance, Murkrow_Life Orb, Ursaring_Bulk Up, Kyurem_SubRoost, Omastar_Offensive Entry Hazards, Beheeyem_Defensive Nasty Plot",977.8334629340245
13,"Hawlucha_Substitute + Swords Dance, Murkrow_Life Orb, Charizard-Mega-X_Dragon Dance, Muk_Choice Band, Blissey_Calm Mind, Noivern_Taunt + Roost",1308.4380282378888
14,"Hawlucha_Substitute + Swords Dance, Murkrow_Life Orb, Snover_Eviolite, Aerodactyl-Mega_Offensive, Uxie_Defensive Pivot, Kyurem_Choice Specs",1168.919744909608
15,"Hawlucha_Substitute + Swords Dance, Murkrow_Life Orb, Garchomp_Choice Scarf, Ludicolo_Swift Swim Sweeper, Flareon_Offensive, Keldeo_Choice Specs",1176.9595974634265
16,"Hawlucha_Substitute + Swords Dance, Murkrow_Life Orb, Slowbro-Mega_Calm Mind, Prinplup_Utility, Kyurem-Black_Choice Scarf, Seaking_Utility",1095.617373633105
17,"Hawlucha_Substitute + Swords Dance, Murkrow_Life Orb, Staryu_Life Orb, Regigigas_Tank, Heracross_Choice Band, Malamar_Contrary Attacker",959.4970087137998
18,"Hawlucha_Substitute + Swords Dance, Murkrow_Life Orb, Politoed_Support, Aerodactyl-Mega_Offensive, Hypno_NastyPass, Snover_Eviolite",804.1583951882961
19,"Hawlucha_Substitute + Swords Dance, Murkrow_Life Orb, Roserade_Offensive Hazards, Simisear_All-Out-Attacker, Slowking_Offensive Trick Room, Simipour_Substitute + Nasty Plot",974.8885803073238
20,"Hawlucha_Substitute + Swords Dance, Murkrow_Life Orb, Torterra_Choice Band, Simisage_Choice Scarf, Aerodactyl-Mega_Bulky Aerodactyl, Kricketune_Sticky Web",999.3816997713395
21,"Hawlucha_Substitute + Swords Dance, Murkrow_Life Orb, Raikou_Choice Specs, Manectric_Special Attacker, Shiftry_Offensive Defogger, Simisage_Mixed Attacker",1007.571258020539
22,"Hawlucha_Substitute + Swords Dance, Murkrow_Life Orb, Zebstrika_All-out Attacker, Emboar_Footloose, Latios_Choice Specs, Dedenne_SubRecycle",1053.6367584200568
23,"Hawlucha_Substitute + Swords Dance, Murkrow_Life Orb, Drowzee_Specially Defensive, Bouffalant_Substitute, Hitmonchan_Physical Attacker, Zangoose_Toxic Orb Attacker",714.0598226858076
24,"Hawlucha_Substitute + Swords Dance, Murkrow_Life Orb, Tepig_Life Orb, Simipour_Choice Scarf, Arcanine_Defensive, Articuno_Burd (Offensive)",1003.3899567109837
25,"Hawlucha_Substitute + Swords Dance, Murkrow_Life Orb, Ambipom_DON'T USE AMBIPOM, Mew_Defog, Krookodile_Choice Band, Shaymin_Life Orb",832.9650093194218
26,"Hawlucha_Substitute + Swords Dance, Murkrow_Life Orb, Wormadam-Trash_Utility, Chikorita_Aromatherapy, Bouffalant_Choice Band, Dusknoir_Offensive",742.925009964545
27,"Hawlucha_Substitute + Swords Dance, Murkrow_Life Orb, Meloetta_En Pointe, Chesnaught_Physical Tank, Tornadus_Defiant Attacker, Snorlax_Choice Band",1010.2657382237004
28,"Hawlucha_Substitute + Swords Dance, Murkrow_Life Orb, Haxorus_Dragon Dance, Tauros_All-out Attacker, Omanyte_Entry Hazard Setter, Carracosta_Defensive",971.0079249790193
29,"Hawlucha_Substitute + Swords Dance, Murkrow_Life Orb, Manaphy_Tail Glow + 3 Attacks, Tornadus_Defiant Attacker, Thundurus_Thunder Wave + 3 Attacks, Zapdos_Physically Defensive",1204.006543366649
30,"Hawlucha_Substitute + Swords Dance, Murkrow_Life Orb, Vigoroth_Bulk Up, Garchomp_Mixed Attacker, Sudowoodo_Suicide Lead, Venusaur-Mega_Defensive",956.8371444459308
31,"Hawlucha_Substitute + Swords Dance, Murkrow_Life Orb, Staryu_Life Orb, Suicune_RoarCune, Scyther_Choice Scarf, Azelf_Lead",877.1198268576418
32,"Hawlucha_Substitute + Swords Dance, Murkrow_Life Orb, Victini_Choice Band, Reuniclus_Trick Room, Kyurem_SubRoost, Heliolisk_Special Attacker",1319.428701393885
33,"Hawlucha_Substitute + Swords Dance, Murkrow_Life Orb, Golurk_Stealth Rock, Porygon-Z_Choice Specs, Kyurem-Black_Substitute Attacker, Armaldo_Swift Swim",1155.5864688584713
34,"Hawlucha_Substitute + Swords Dance, Murkrow_Life Orb, Manaphy_Calm Mind, Prinplup_Utility, Meganium_Specially Defensive Support, Cresselia_Trick Room",876.9409638140314
35,"Hawlucha_Substitute + Swords Dance, Murkrow_Life Orb, Gastrodon_Physically Defensive, Blastoise-Mega_Offensive Spinner, Xatu_Defensive Pivot, Samurott_Special Attacker",1056.4810912223509
36,"Hawlucha_Substitute + Swords Dance, Murkrow_Life Orb, Cresselia_Calm Mind, Pinsir_Choice Band, Haxorus_Choice Band, Garchomp_Swords Dance + Life Orb",1205.4972262104893
37,"Hawlucha_Substitute + Swords Dance, Murkrow_Life Orb, Altaria_Physically Defensive, Pachirisu_Pachiraichu, Riolu_Offensive Swords Dance Sweeper, Kricketune_Sticky Web",681.4958553761155
38,"Hawlucha_Substitute + Swords Dance, Murkrow_Life Orb, Mienshao_Choice Scarf, Muk_Choice Band, Girafarig_Baton Pass, Alakazam_Revenge Killer",1007.7609851763652
39,"Hawlucha_Substitute + Swords Dance, Murkrow_Life Orb, Liepard_Offensive Pivot, Shroomish_Tank, Regigigas_Tank, Slaking_Wall Breaker",974.412365290939
40,"Hawlucha_Substitute + Swords Dance, Murkrow_Life Orb, Zebstrika_All-out Attacker, Electivire_All-out Attacker, Mesprit_Choice Scarf, Slowking_Assault Vest",1052.9434336845773
41,"Hawlucha_Substitute + Swords Dance, Murkrow_Life Orb, Natu_Defensive, Ursaring_Bulk Up, Jolteon_All-out Attacker, Manectric_Special Attacker",872.2399612934393
42,"Hawlucha_Substitute + Swords Dance, Murkrow_Life Orb, Garchomp_Choice Scarf, Stantler_Wallbreaker, Slowking_Defensive Sweeper, Samurott_Mixed Wallbreaker",1074.6253508010298
43,"Hawlucha_Substitute + Swords Dance, Murkrow_Life Orb, Banette_Offensive Utility, Raikou_Calm Mind, Thundurus_Nasty Plot, Leafeon_Swords Dance",1110.0087211551809
44,"Hawlucha_Substitute + Swords Dance, Murkrow_Life Orb, Mienfoo_Life Orb, Kyurem-Black_Choice Band, Venusaur-Mega_Offensive, Mightyena_Life Orb Cleaner",971.9419255256115
45,"Hawlucha_Substitute + Swords Dance, Murkrow_Life Orb, Blastoise-Mega_Offensive Spinner, Xatu_Defensive Pivot, Braviary_Bulk Up, Mesprit_Substitute + Calm Mind",1005.8811368778244
46,"Hawlucha_Substitute + Swords Dance, Murkrow_Life Orb, Kyurem_Life Orb Attacker, Mesprit_Physically Defensive, Vanillite_Autotomize, Torterra_Bulky Swords Dance",945.9759856652271
47,"Hawlucha_Substitute + Swords Dance, Murkrow_Life Orb, Meloetta_Choice Scarf, Audino_Wish Passer, Weezing_Physically Defensive, Jolteon_All-out Attacker",1025.3988836005408
48,"Hawlucha_Substitute + Swords Dance, Murkrow_Life Orb, Gyarados_Bulky Dragon Dance, Relicanth_Rock Polish, Venusaur_Wallbreaker, Vileplume_Defensive",1072.6857003277782
49,"Hawlucha_Substitute + Swords Dance, Murkrow_Life Orb, Druddigon_Support, Electivire_All-out Attacker, Articuno_Burd (Offensive), Dragonite_Fly Nite",1038.5432579193862
50,"Hawlucha_Substitute + Swords Dance, Murkrow_Life Orb, Wynaut_Standard, Haxorus_Double Dance, Musharna_Calm Mind, Tornadus-Therian_Assault Vest Pivot",1062.9319320210295
51,"Hawlucha_Substitute + Swords Dance, Murkrow_Life Orb, Landorus-Therian_Double Dance, Natu_Entry Hazards; Natu-day, Garchomp_Mixed Attacker, Castform_Chasing Rainbows",820.8394516836803
52,"Hawlucha_Substitute + Swords Dance, Murkrow_Life Orb, Regigigas_Tank, Gastrodon_Physically Defensive, Xatu_Defensive Pivot, Girafarig_Baton Pass",978.6083694428521
53,"Hawlucha_Substitute + Swords Dance, Murkrow_Life Orb, Porygon-Z_Double Dance, Vileplume_Offensive, Wynaut_Standard, Leafeon_Swords Dance",870.3657329013904
54,"Hawlucha_Substitute + Swords Dance, Murkrow_Life Orb, Manectric-Mega_Special Attacker, Zebstrika_All-out Attacker, Kyurem_SubRoost, Krookodile_Choice Scarf",1536.0314064599638
55,"Hawlucha_Substitute + Swords Dance, Murkrow_Life Orb, Tauros_All-out Attacker, Kyurem_Life Orb Attacker, Gourgeist-Super_Physically Defensive, Cinccino_Physical Attacker",948.9227842433535
56,"Hawlucha_Substitute + Swords Dance, Murkrow_Life Orb, Persian_Nasty Plot, Floatzel_Special Attacker, Zebstrika_All-out Attacker, Magmortar_Assault Vest Tank",1014.3430855804332
57,"Hawlucha_Substitute + Swords Dance, Murkrow_Life Orb, Charizard-Mega-X_Dragon Dance, Blissey_Calm Mind, Keldeo_Choice Specs, Manaphy_Tail Glow + 3 Attacks",1232.4954720812966
58,"Hawlucha_Substitute + Swords Dance, Murkrow_Life Orb, Kingdra_Rain Sweeper, Pansear_Berry Juice Stall, Shaymin_Choice Specs, Mesprit_Choice Specs",996.2471530691711
59,"Hawlucha_Substitute + Swords Dance, Murkrow_Life Orb, Porygon-Z_Choice Scarf, Bouffalant_Choice Band, Ponyta_Utility, Thundurus_Nasty Plot",962.4761333596135
60,"Hawlucha_Substitute + Swords Dance, Murkrow_Life Orb, Kyurem-Black_Choice Scarf, Fraxure_Swords Dance, Rotom-Heat_Choice Specs, Dusknoir_Choice Band",1394.1632079514334
61,"Hawlucha_Substitute + Swords Dance, Murkrow_Life Orb, Drifblim_Special Attacker, Xatu_Defensive Pivot, Miltank_Physically Defensive, Jirachi_Specially Defensive",842.5342139511499
62,"Hawlucha_Substitute + Swords Dance, Murkrow_Life Orb, Golduck_Rain Dance, Parasect_Spore, Mamoswine_Life Orb Attacker, Granbull_Offensive",858.4882224658586
63,"Hawlucha_Substitute + Swords Dance, Murkrow_Life Orb, Raikou_Calm Mind, Prinplup_Utility, Rhyperior_Choice Band, Charizard-Mega-X_Swords Dance",1227.4831512549533
64,"Hawlucha_Substitute + Swords Dance, Murkrow_Life Orb, Carnivine_Offensive, Haxorus_Dragon Dance, Victini_Choice Band, Kyurem-Black_Choice Scarf",1443.7366838789487
65,"Hawlucha_Substitute + Swords Dance, Murkrow_Life Orb, Xatu_Offensive, Liepard_Choice Band, Absol-Mega_Swords Dance, Dusclops_Calm Mind",869.8474623120622
66,"Hawlucha_Substitute + Swords Dance, Murkrow_Life Orb, Haxorus_Choice Band, Infernape_Choice Band, Blastoise-Mega_All-out Attacker, Grumpig_Offensive Stallbreaker",1217.4079618478927
67,"Hawlucha_Substitute + Swords Dance, Murkrow_Life Orb, Chesnaught_Fast Taunt, Exploud_Choice Specs, Mesprit_Choice Specs, Dusknoir_Choice Band",962.4136793393319
68,"Hawlucha_Substitute + Swords Dance, Murkrow_Life Orb, Omanyte_Entry Hazard Setter, Wooper_Water Absorb, Cresselia_Support, Mesprit_Offensive + 3 Attacks",804.6276949124514
69,"Hawlucha_Substitute + Swords Dance, Murkrow_Life Orb, Hariyama_Assault Vest, Liepard_Choice Band, Omastar_Defensive Entry Hazards, Mew_Defog",1062.5771505454543
70,"Hawlucha_Substitute + Swords Dance, Murkrow_Life Orb, Snivy_Wallbreaker, Porygon-Z_Choice Scarf, Slowking_Choice Specs, Garchomp_Choice Scarf",994.6209162871961
71,"Hawlucha_Substitute + Swords Dance, Murkrow_Life Orb, Vanilluxe_All-out Attacker, Mesprit_Physically Defensive, Meloetta_En Pointe, Noctowl_Defensive Defog",850.3524717472544
72,"Hawlucha_Substitute + Swords Dance, Murkrow_Life Orb, Corphish_Wallbreaker, Bellossom_Sun ""Sweeper"", Toxicroak_Swords Dance, Zygarde_Dragon Dance",857.5677590323953
73,"Hawlucha_Substitute + Swords Dance, Murkrow_Life Orb, Latios_Choice Specs, Porygon-Z_Choice Specs, Raikou_Calm Mind, Lapras_Choice Specs",1173.4987401103447
74,"Hawlucha_Substitute + Swords Dance, Murkrow_Life Orb, Swellow_Guts Attacker, Staraptor_Choice Scarf, Blastoise_Bulky Spinner, Simisear_Nasty Plot",979.2863764373033
75,"Hawlucha_Substitute + Swords Dance, Murkrow_Life Orb, Nidoqueen_Offensive Entry Hazard Setter, Kingdra_Rain Sweeper, Diancie_Offensive Stealth Rock, Hitmonlee_Endure + Reversal",1062.7500239989129
76,"Hawlucha_Substitute + Swords Dance, Murkrow_Life Orb, Swampert-Mega_Rain Sweeper, Kyurem-Black_Substitute Attacker, Hitmonlee_Wallbreaker, Latios_Choice Scarf",1189.228829871069
77,"Hawlucha_Substitute + Swords Dance, Murkrow_Life Orb, Druddigon_Stealth Rock Setter, Camerupt-Mega_Wallbreaker, Mesprit_Substitute + Calm Mind, Garchomp_Offensive Stealth Rock",1226.4391473267672
78,"Hawlucha_Substitute + Swords Dance, Murkrow_Life Orb, Moltres_Life Orb Attacker, Arcanine_Offensive, Floatzel_Special Attacker, Rotom-Frost_Choice Scarf",1035.3799276882107
79,"Hawlucha_Substitute + Swords Dance, Murkrow_Life Orb, Conkeldurr_Choice Band, Regigigas_Tank, Meloetta_Offensive Calm Mind, Froakie_Mixed Attacker",1038.246982311108
80,"Hawlucha_Substitute + Swords Dance, Murkrow_Life Orb, Hydreigon_Stallbreaker, Dratini_Mixed Attacker, Starmie_Offensive, Noivern_Taunt + Roost",983.0669001993637
81,"Hawlucha_Substitute + Swords Dance, Murkrow_Life Orb, Kyurem_Life Orb Attacker, Magmortar_Assault Vest Tank, Porygon2_Offensive, Blastoise-Mega_Rapid Spin",1227.260622185704
82,"Hawlucha_Substitute + Swords Dance, Murkrow_Life Orb, Abomasnow-Mega_President Snow (Mixed Attacker), Sceptile_Life Orb, Basculin_All-out Attacker, Flareon_Offensive",925.5330962392206
83,"Hawlucha_Substitute + Swords Dance, Murkrow_Life Orb, Kyurem_SubRoost, Gastly_Hex, Clefable_Unaware + Calm Mind, Tyrantrum_Wallbreaker",1090.1752269928047
84,"Hawlucha_Substitute + Swords Dance, Murkrow_Life Orb, Talonflame_Bulky Swords Dance, Rotom-Frost_SubWisp, Banette-Mega_Prankster, Garchomp_Mixed Attacker",904.7707579063772
85,"Hawlucha_Substitute + Swords Dance, Murkrow_Life Orb, Noivern_Taunt + Roost, Cherrim_Offensive Healing Wish, Venusaur_Chlorophyll Sweeper, Furret_Choice Scarf",955.9506077461392
86,"Hawlucha_Substitute + Swords Dance, Murkrow_Life Orb, Pidgeot-Mega_Stallbreaker, Kyurem_Life Orb Attacker, Diancie_Defensive, Skrelp_Special Attacker",1112.7080114156174
87,"Hawlucha_Substitute + Swords Dance, Murkrow_Life Orb, Staraptor_Choice Scarf, Jellicent_Physically Defensive, Raikou_Choice Specs, Diancie-Mega_Offensive",1209.4891627442314
88,"Hawlucha_Substitute + Swords Dance, Murkrow_Life Orb, Glameow_Life Orb Attacker, Haxorus_Choice Band, Meloetta_Choice Specs, Hoopa_Offensive Trick Room",1178.3788634888563
89,"Hawlucha_Substitute + Swords Dance, Murkrow_Life Orb, Meowstic-F_Competitive(ly Terrible) Sweeper, Haxorus_Stallbreaker, Kingdra_Rain Sweeper, Zoroark_Swords Dance",1080.7812200857688
90,"Hawlucha_Substitute + Swords Dance, Murkrow_Life Orb, Qwilfish_Swift Swim, Staraptor_Choice Band, Altaria_Physically Defensive, Heracross_Swords Dance",857.535317661957
91,"Hawlucha_Substitute + Swords Dance, Murkrow_Life Orb, Grumpig_Offensive Utility, Aerodactyl-Mega_Bulky Aerodactyl, Porygon-Z_Choice Specs, Hydreigon_Life Orb",1064.7560151777197
92,"Hawlucha_Substitute + Swords Dance, Murkrow_Life Orb, Donphan_Choice Band, Gallade-Mega_Swords Dance, Swellow_Guts Attacker, Kyurem_Life Orb Attacker",1122.6025870821259
93,"Hawlucha_Substitute + Swords Dance, Murkrow_Life Orb, Spiritomb_Offensive Support, Entei_Choice Band, Emboar_Footloose, Doduo_Choice Scarf",1091.743615322066
94,"Hawlucha_Substitute + Swords Dance, Murkrow_Life Orb, Skiddo_Bulk Up, Mantine_Mixed Defensive Defog, Magmortar_Assault Vest Tank, Mesprit_Physically Defensive",911.4208470152288
95,"Hawlucha_Substitute + Swords Dance, Murkrow_Life Orb, Heracross_Swords Dance, Chatot_Choice Scarf, Altaria_Choice Specs, Xatu_Calm Mind",887.2119042802415
96,"Hawlucha_Substitute + Swords Dance, Murkrow_Life Orb, Dusknoir_Offensive, Froslass_Spikes Lead, Garchomp_Substitute + Swords Dance, Scyther_Swords Dance",991.1123698267439
97,"Hawlucha_Substitute + Swords Dance, Murkrow_Life Orb, Sharpedo-Mega_Cleaner, Mesprit_Offensive + 3 Attacks, Golurk_Wallbreaker, Malamar_RestTalk",1009.7296341367598
98,"Hawlucha_Substitute + Swords Dance, Murkrow_Life Orb, Raikou_Calm Mind, Clefable_Stealth Rock Setter, Audino-Mega_Calm Mind, Tornadus-Therian_Assault Vest Pivot",1124.8880357373564
99,"Hawlucha_Substitute + Swords Dance, Murkrow_Life Orb, Mothim_Choice Specs, Gligar_Standard, Sigilyph_Life Orb Attacker, Audino-Mega_Defensive Calm Mind",728.0946595035933
100,"Hawlucha_Substitute + Swords Dance, Murkrow_Life Orb, Tornadus_Bulk Up, Furret_Choice Scarf, Seaking_Utility, Trevenant_Wallbreaker",812.4972847130176
101,"Hawlucha_Substitute + Swords Dance, Murkrow_Life Orb, Suicune_SubCM, Hypno_NastyPass, Illumise_Substitute + Baton Pass, Mesprit_Physically Defensive",650.787246667386
102,"Hawlucha_Substitute + Swords Dance, Murkrow_Life Orb, Alakazam_Life Orb, Altaria_Physically Defensive, Fletchling_Mixed Sweeper, Thundurus_Mixed Attacker",935.2322388378593
103,"Hawlucha_Substitute + Swords Dance, Murkrow_Life Orb, Articuno_Burd (Offensive), Espeon_Calm Mind Sweeper, Mesprit_Offensive Stealth Rock, Slowking_Defensive Sweeper",909.9592230969398
104,"Hawlucha_Substitute + Swords Dance, Murkrow_Life Orb, Aromatisse_Defensive, Jirachi_SubToxic, Dragonite_Dragon Dance, Kyurem-Black_Substitute Attacker",1215.555161564877
105,"Hawlucha_Substitute + Swords Dance, Murkrow_Life Orb, Hypno_NastyPass, Rotom-Fan_Expert Belt, Pelipper_Physically Defensive, Diggersby_Choice Scarf",793.488748892341
106,"Hawlucha_Substitute + Swords Dance, Murkrow_Life Orb, Electivire_All-out Attacker, Slowking_Choice Specs, Raikou_Calm Mind, Mesprit_Choice Specs",1062.7822408698319
107,"Hawlucha_Substitute + Swords Dance, Murkrow_Life Orb, Kyurem_Choice Specs, Infernape_Lead, Tornadus-Therian_Assault Vest Pivot, Torterra_Choice Band",1069.0488773081104
108,"Hawlucha_Substitute + Swords Dance, Murkrow_Life Orb, Exploud_Choice Specs, Feraligatr_Swords Dance, Meganium_Specially Defensive Support, Escavalier_Choice Band",819.1229323825535
109,"Hawlucha_Substitute + Swords Dance, Murkrow_Life Orb, Exploud_Choice Specs, Tornadus-Therian_Assault Vest Pivot, Infernape_Lead, Latios_Choice Specs",982.9206440303836
110,"Hawlucha_Substitute + Swords Dance, Murkrow_Life Orb, Drapion_Swords Dance, Noivern_Taunt + Roost, Mesprit_Choice Specs, Magmortar_Assault Vest Tank",1152.523221010876
111,"Hawlucha_Substitute + Swords Dance, Murkrow_Life Orb, Whimsicott_Support, Dusknoir_Offensive, Kyurem_SubRoost, Sawk_Choice Band",992.8492829116248
112,"Hawlucha_Substitute + Swords Dance, Murkrow_Life Orb, Victini_Choice Band, Vanilluxe_All-out Attacker, Solrock_Sun Screen, Gorebyss_Shell Smash",1001.6149762669019
113,"Hawlucha_Substitute + Swords Dance, Murkrow_Life Orb, Articuno_SubRoost, Raichu_All-out Attacker, Stunfisk_Support, Tornadus_Bulk Up",1039.9590652867544
114,"Hawlucha_Substitute + Swords Dance, Murkrow_Life Orb, Meganium_Specially Defensive Support, Roselia_Defensive Spikes, Cranidos_Choice Scarf, Duosion_Calm Mind",719.0512544541359
115,"Hawlucha_Substitute + Swords Dance, Murkrow_Life Orb, Mothim_Choice Specs, Weepinbell_Sun Sweeper, Kingler_Agility Sweeper, Porygon_Defensive",807.6646657299073
116,"Hawlucha_Substitute + Swords Dance, Murkrow_Life Orb, Pangoro_Swords Dance, Haxorus_Dragon Dance, Weepinbell_Sun Sweeper, Rotom-Fan_Expert Belt",912.2501760285145
117,"Hawlucha_Substitute + Swords Dance, Murkrow_Life Orb, Regice_Tank, Hitmonchan_Assault Vest, Dewgong_Specially Defensive, Azelf_Lead",962.3476338582961
118,"Hawlucha_Substitute + Swords Dance, Murkrow_Life Orb, Mothim_Choice Specs, Mandibuzz_Utility Buzzard, Karrablast_Swords Dance, Haxorus_Choice Band",912.9625236628082
119,"Hawlucha_Substitute + Swords Dance, Murkrow_Life Orb, Escavalier_Choice Band, Ludicolo_Swift Swim Sweeper, Manaphy_Tail Glow + Rain Dance, Altaria-Mega_Support",1056.1671481739572
120,"Hawlucha_Substitute + Swords Dance, Murkrow_Life Orb, Latios_Choice Specs, Emboar_All-out Attacker, Torterra_Rock Polish, Mesprit_Choice Scarf",1080.3000572137103
121,"Hawlucha_Substitute + Swords Dance, Murkrow_Life Orb, Sawsbuck_Swords Dance, Staraptor_Choice Scarf, Dragonite_Fly Nite, Charizard-Mega-X_Bulky Will-O-Wisp",1219.0494599810206
122,"Hawlucha_Substitute + Swords Dance, Murkrow_Life Orb, Suicune_SubCM, Bronzong_Special Tank, Uxie_Defensive Pivot, Xatu_Defensive Pivot",989.8236222454767
123,"Hawlucha_Substitute + Swords Dance, Murkrow_Life Orb, Alakazam_Revenge Killer, Fletchling_Mixed Sweeper, Heracross_Choice Scarf, Cryogonal_Offensive Rapid Spinner",965.7415350137862
124,"Hawlucha_Substitute + Swords Dance, Murkrow_Life Orb, Kyurem-Black_Substitute Attacker, Cresselia_Defensive, Crustle_Shell Smash, Mew_Stallbreaker",1231.6176516303976
125,"Hawlucha_Substitute + Swords Dance, Murkrow_Life Orb, Hitmonchan_Bulk Up, Rufflet_Choice Scarf, Emboar_Footloose, Chatot_Substitute + Nasty Plot",841.1250478245023
126,"Hawlucha_Substitute + Swords Dance, Murkrow_Life Orb, Beheeyem_Choice Specs, Jynx_Focus Sash, Noivern_Taunt + Roost, Electivire_All-out Attacker",1046.9368877327588
127,"Hawlucha_Substitute + Swords Dance, Murkrow_Life Orb, Electrode_Rain Lead, Minun_Cheerleader, Altaria-Mega_Offensive Dragon Dance, Furfrou_Offensive Pivot",712.3606334164535
128,"Hawlucha_Substitute + Swords Dance, Murkrow_Life Orb, Rhydon_Tank, Zapdos_Physically Defensive, Thundurus_Nasty Plot, Whimsicott_Support",1147.7226344297687
129,"Hawlucha_Substitute + Swords Dance, Murkrow_Life Orb, Forretress_Defensive Rapid Spin, Fraxure_Dragon Dance, Liepard_Offensive Pivot, Excadrill_Bulky Spinner",840.7991971810159
130,"Hawlucha_Substitute + Swords Dance, Murkrow_Life Orb, Gyarados_Bulky Dragon Dance, Zebstrika_All-out Attacker, Lanturn_Pivot, Haxorus_Swords Dance",1112.2345513356333
131,"Hawlucha_Substitute + Swords Dance, Murkrow_Life Orb, Raikou_Choice Specs, Aerodactyl-Mega_Offensive, Omanyte_Entry Hazard Setter, Rhyperior_Offensive",1212.5362724475292
132,"Hawlucha_Substitute + Swords Dance, Murkrow_Life Orb, Omastar_Lead, Kyurem-Black_Choice Band, Delphox_Speedy Roaster (Choice Scarf), Cryogonal_Offensive Rapid Spinner",1109.276973486378
133,"Hawlucha_Substitute + Swords Dance, Murkrow_Life Orb, Snover_Eviolite, Solrock_Sun Screen, Delphox_Offensive Calm Mind, Aerodactyl-Mega_Offensive",1120.857283628774
134,"Hawlucha_Substitute + Swords Dance, Murkrow_Life Orb, Uxie_Defensive Pivot, Zoroark_Mixed Attacker, Porygon_Defensive, Mesprit_Physically Defensive",823.4368652216432
135,"Hawlucha_Substitute + Swords Dance, Murkrow_Life Orb, Mesprit_Substitute + Calm Mind, Simipour_Mixed Attacker, Bronzong_Defensive, Venomoth_Offensive",739.6392334653309
136,"Hawlucha_Substitute + Swords Dance, Murkrow_Life Orb, Bellossom_Sun ""Sweeper"", Corphish_Wallbreaker, Metagross-Mega_Rock Polish, Gorebyss_Shell Smash",901.2409930067964
137,"Hawlucha_Substitute + Swords Dance, Murkrow_Life Orb, Altaria-Mega_Special Attacker, Conkeldurr_Choice Band, Bouffalant_Swords Dance, Froakie_Mixed Attacker",898.7847797101671
138,"Hawlucha_Substitute + Swords Dance, Murkrow_Life Orb, Cresselia_Defensive, Persian_Nasty Plot, Clefable_Calm Mind + Magic Guard, Manaphy_Calm Mind",974.9523186105616
139,"Hawlucha_Substitute + Swords Dance, Murkrow_Life Orb, Jellicent_Utility, Kricketune_Sticky Web, Emboar_All-out Attacker, Infernape_All-out Attacker",1052.9258291918832
140,"Hawlucha_Substitute + Swords Dance, Murkrow_Life Orb, Stoutland_Sand Wallbreaker, Bouffalant_Choice Band, Jolteon_SubPass, Lopunny_Offensive Utility",893.0683328842695
141,"Hawlucha_Substitute + Swords Dance, Murkrow_Life Orb, Infernape_Choice Band, Porygon_Defensive, Gyarados_Dragon Dance + Three Attacks, Weepinbell_Sun Sweeper",886.1954543901629
142,"Hawlucha_Substitute + Swords Dance, Murkrow_Life Orb, Politoed_Tank, Ampharos_Cleric, Braviary_Physical Attacker, Swampert_Defensive",1186.2377595556914
143,"Hawlucha_Substitute + Swords Dance, Murkrow_Life Orb, Victini_MixTini, Infernape_Lead, Tyranitar_Choice Scarf, Terrakion_Swords Dance",1287.5914321774846
144,"Hawlucha_Substitute + Swords Dance, Murkrow_Life Orb, Zapdos_Specially Defensive, Kingdra_Critdra, Thundurus-Therian_Double Dance, Minccino_Life Orb",1119.6057405135932
145,"Hawlucha_Substitute + Swords Dance, Murkrow_Life Orb, Dragonite_Choice Band, Altaria_Special Attacker, Aipom_Eviolite, Simipour_Choice Scarf",962.9232018006524
146,"Hawlucha_Substitute + Swords Dance, Murkrow_Life Orb, Chikorita_Aromatherapy, Mesprit_Offensive Stealth Rock, Trevenant_Wallbreaker, Kyurem_SubRoost",975.8528360918422
147,"Hawlucha_Substitute + Swords Dance, Murkrow_Life Orb, Furfrou_Offensive Pivot, Dragonite_Fly Nite, Infernape_Choice Scarf, Qwilfish_Defensive Spiker",877.9836283168685
148,"Hawlucha_Substitute + Swords Dance, Murkrow_Life Orb, Cresselia_Defensive, Mew_Stallbreaker, Bulbasaur_Life Orb Sun Sweeper, Lickitung_Wish Support",784.6823097809385
149,"Hawlucha_Substitute + Swords Dance, Murkrow_Life Orb, Celebi_Baton Pass, Ampharos_Cleric, Electivire_All-out Attacker, Manaphy_Tail Glow + Rain Dance",1090.903271590474
150,"Hawlucha_Substitute + Swords Dance, Murkrow_Life Orb, Garchomp_Offensive Stealth Rock, Aerodactyl-Mega_Offensive, Castform_Chasing Rainbows, Articuno_Burd (Offensive)",1234.9791066637085
151,"Hawlucha_Substitute + Swords Dance, Murkrow_Life Orb, Elekid_Physical Attacker, Emboar_All-out Attacker, Skrelp_Special Attacker, Torterra_Choice Band",924.6549286365113
152,"Hawlucha_Substitute + Swords Dance, Murkrow_Life Orb, Maractus_Spikes Lead, Venusaur-Mega_Defensive, Dunsparce_Stealth Rock, Infernape_Nasty Plot",812.5373045976206
153,"Hawlucha_Substitute + Swords Dance, Murkrow_Life Orb, Porygon-Z_Choice Scarf, Gyarados_Substitute + Dragon Dance, Infernape_Nasty Plot, Zygarde_Parashuffler",1061.5524159471706
154,"Hawlucha_Substitute + Swords Dance, Murkrow_Life Orb, Gastrodon_Physically Defensive, Roserade_Specially Defensive, Victreebel_Chlorophyll Sweeper, Gurdurr_Bulky Attacker",898.5699470955203
155,"Hawlucha_Substitute + Swords Dance, Murkrow_Life Orb, Zoroark_Mixed Attacker, Shiftry_Physically Mixed, Grumpig_Offensive Utility, Emboar_Choice Scarf",1014.836157259417
156,"Hawlucha_Substitute + Swords Dance, Murkrow_Life Orb, Raikou_Calm Mind, Tornadus-Therian_Assault Vest Pivot, Sceptile-Mega_All-out Attacker, Emolga_Support",1078.207426817694
157,"Hawlucha_Substitute + Swords Dance, Murkrow_Life Orb, Mesprit_Choice Scarf, Nidoking_Wallbreaker, Leafeon_Choice Band, Jolteon_All-Out Attacking",1022.6787333298645
158,"Hawlucha_Substitute + Swords Dance, Murkrow_Life Orb, Servine_Substitute + Synthesis, Cherrim_Offensive Healing Wish, Scizor-Mega_Pursuit, Electrode_All-Out Attacker",806.0503880190589
159,"Hawlucha_Substitute + Swords Dance, Murkrow_Life Orb, Machop_Choice Scarf, Porygon-Z_Double Dance, Archeops_BulkyCheops, Cryogonal_Offensive Rapid Spinner",704.5506260314723
160,"Hawlucha_Substitute + Swords Dance, Murkrow_Life Orb, Cryogonal_Offensive Rapid Spinner, Liepard_Choice Band, Xatu_Defensive Pivot, Latios_Life Orb Attacker",891.8080322364879
161,"Hawlucha_Substitute + Swords Dance, Murkrow_Life Orb, Raikou_Choice Specs, Woobat_Baton Pass Recipient, Slowbro-Mega_Calm Mind, Xatu_Calm Mind",950.4161803652827
162,"Hawlucha_Substitute + Swords Dance, Murkrow_Life Orb, Illumise_Substitute + Baton Pass, Kyurem-Black_Choice Scarf, Toxicroak_Bulky Croak, Sandslash_Sand Rush",1027.8835108269777
163,"Hawlucha_Substitute + Swords Dance, Murkrow_Life Orb, Alakazam_Revenge Killer, Regigigas_Tank, Jellicent_Physically Defensive, Chespin_Bulk Up",894.4433047092207
164,"Hawlucha_Substitute + Swords Dance, Murkrow_Life Orb, Camerupt_Choice Specs, Combusken_Life Orb, Pinsir_Choice Band, Articuno_Specially Defensive",822.2731293885595
165,"Hawlucha_Substitute + Swords Dance, Murkrow_Life Orb, Omanyte_Entry Hazard Setter, Keldeo_Choice Specs, Malamar_RestTalk, Ludicolo_Rain Dance Sweeper",900.9064515267528
166,"Hawlucha_Substitute + Swords Dance, Murkrow_Life Orb, Meloetta_En Pointe, Porygon_Bulky Attacker, Gliscor_Swords Dance Stallbreaker, Mandibuzz_Physically Defensive",1053.4016298005
167,"Hawlucha_Substitute + Swords Dance, Murkrow_Life Orb, Vaporeon_Wish, Lopunny_Offensive Utility, Stoutland_Sand Rush, Thundurus-Therian_Agility",949.7522718509525
168,"Hawlucha_Substitute + Swords Dance, Murkrow_Life Orb, Porygon-Z_Choice Specs, Articuno_Burd (Offensive), Jolteon_All-Out Attacking, Umbreon_Cleric / Wish Pass",1164.5747000060776
169,"Hawlucha_Substitute + Swords Dance, Murkrow_Life Orb, Dragonite_Choice Band, Swellow_Guts Attacker, Cresselia_Support, Meowstic-M_Dual Screens",949.8129723525227
170,"Hawlucha_Substitute + Swords Dance, Murkrow_Life Orb, Tentacruel_Support, Weezing_Mixed Tank, Aerodactyl-Mega_Offensive, Snover_Eviolite",867.3837891161689
171,"Hawlucha_Substitute + Swords Dance, Murkrow_Life Orb, Porygon-Z_Double Dance, Thundurus_Mixed Attacker, Beheeyem_Defensive Nasty Plot, Xatu_Defensive Pivot",921.0119479043691
172,"Hawlucha_Substitute + Swords Dance, Murkrow_Life Orb, Jolteon_All-out Attacker, Castform_Chasing Rainbows, Stantler_Wallbreaker, Relicanth_Physically Defensive",923.0176591824684
173,"Hawlucha_Substitute + Swords Dance, Murkrow_Life Orb, Xatu_Calm Mind, Jirachi_Specially Defensive, Zoroark_Mixed Attacker, Noctowl_Defensive Defog",785.7707780542057
174,"Hawlucha_Substitute + Swords Dance, Murkrow_Life Orb, Porygon_Defensive, Kyurem_SubRoost, Roselia_Offensive, Weepinbell_Sun Sweeper",850.2763385357337
175,"Hawlucha_Substitute + Swords Dance, Murkrow_Life Orb, Kingdra_Dragon Dance, Lapras_Choice Specs, Ludicolo_Rain Dance Sweeper, Landorus-Therian_Double Dance",1052.1274818445286
176,"Hawlucha_Substitute + Swords Dance, Murkrow_Life Orb, Clefable_Calm Mind + Magic Guard, Emboar_Choice Scarf, Moltres_Life Orb Attacker, Relicanth_Physically Defensive",1117.2891827210724
177,"Hawlucha_Substitute + Swords Dance, Murkrow_Life Orb, Omanyte_Entry Hazard Setter, Froakie_Mixed Attacker, Bronzong_Defensive, Haxorus_Double Dance",704.7256836674899
178,"Hawlucha_Substitute + Swords Dance, Murkrow_Life Orb, Delphox_Offensive Calm Mind, Raichu_Nasty Plot, Kyurem_Choice Specs, Abomasnow-Mega_Barack Aboma (Swords Dance)",1176.6365759975713
179,"Hawlucha_Substitute + Swords Dance, Murkrow_Life Orb, Dwebble_Entry Hazard Layer, Dewgong_Specially Defensive, Altaria_Physically Defensive, Golurk_Stealth Rock",760.3224309475247
180,"Hawlucha_Substitute + Swords Dance, Murkrow_Life Orb, Gurdurr_Bulk Up, Clamperl_Shell Smash, Gorebyss_Shell Smash, Furret_Choice Scarf",753.0840195768925
181,"Hawlucha_Substitute + Swords Dance, Murkrow_Life Orb, Shiftry_Physically Mixed, Barbaracle_Choice Scarf, Hitmonlee_Choice Scarf, Malamar_RestTalk",1157.6180317414114
